{"train/mask_ratio":0,"_step":63,"train/loss_all":1.2027454376220703,"train/loss_x_gradient":0.047610167413949966,"train/loss_x":3.5606260299682617,"train/loss_s":0,"_runtime":59.693256467,"_wandb":{"runtime":60},"_timestamp":1.7379993094668102e+09}