{"_runtime":41.637464442,"_timestamp":1.7377402004895098e+09,"train/loss_x":3.5903167724609375,"_wandb":{"runtime":42},"train/loss_s":0,"train/mask_ratio":0,"train/loss_x_gradient":0,"train/loss_x_norm":0.0042069475166499615,"_step":63,"train/loss_all":0.8986309170722961}